"","Cell","Batch","Group","ExpLibSize"
"Cell1","Cell1","Batch1","Group2",49001.6364189787
"Cell2","Cell2","Batch1","Group3",58898.5174482185
"Cell3","Cell3","Batch1","Group4",45087.3850350971
"Cell4","Cell4","Batch1","Group2",48076.516326155
"Cell5","Cell5","Batch1","Group5",78027.8911576634
"Cell6","Cell6","Batch1","Group1",49707.7766679623
"Cell7","Cell7","Batch1","Group2",51465.6013064733
"Cell8","Cell8","Batch1","Group5",62210.2060046753
"Cell9","Cell9","Batch1","Group3",52459.5530929814
"Cell10","Cell10","Batch1","Group4",75624.7974573563
"Cell11","Cell11","Batch1","Group2",58442.6862311416
"Cell12","Cell12","Batch1","Group3",55538.4717877376
"Cell13","Cell13","Batch1","Group3",74147.367218823
"Cell14","Cell14","Batch1","Group4",62158.167336785
"Cell15","Cell15","Batch1","Group3",51955.7095911837
"Cell16","Cell16","Batch1","Group4",49771.423299331
"Cell17","Cell17","Batch1","Group4",83747.7757560132
"Cell18","Cell18","Batch1","Group4",74031.170786228
"Cell19","Cell19","Batch1","Group2",52806.1142423371
"Cell20","Cell20","Batch1","Group2",54607.9274526726
"Cell21","Cell21","Batch1","Group5",70519.2716119957
"Cell22","Cell22","Batch1","Group1",72887.7654934304
"Cell23","Cell23","Batch1","Group4",55581.3930471835
"Cell24","Cell24","Batch1","Group3",67064.8422544339
"Cell25","Cell25","Batch1","Group2",45132.6870426039
"Cell26","Cell26","Batch1","Group5",60753.9541538575
"Cell27","Cell27","Batch1","Group1",57763.1438524693
"Cell28","Cell28","Batch1","Group2",69091.9941712469
"Cell29","Cell29","Batch1","Group2",51307.2136732496
"Cell30","Cell30","Batch1","Group1",82814.0016164972
"Cell31","Cell31","Batch1","Group2",61289.3311466123
"Cell32","Cell32","Batch1","Group4",52165.730323956
"Cell33","Cell33","Batch1","Group1",61714.3025512115
"Cell34","Cell34","Batch1","Group4",58687.8079257473
"Cell35","Cell35","Batch1","Group4",69419.6998909253
"Cell36","Cell36","Batch1","Group4",59732.4223350443
"Cell37","Cell37","Batch1","Group4",60483.6814052261
"Cell38","Cell38","Batch1","Group2",58599.5518177455
"Cell39","Cell39","Batch1","Group1",67987.8096409868
"Cell40","Cell40","Batch1","Group4",49240.9497677368
"Cell41","Cell41","Batch1","Group4",83951.0820469394
"Cell42","Cell42","Batch1","Group4",51214.364427297
"Cell43","Cell43","Batch1","Group4",47053.097548047
"Cell44","Cell44","Batch1","Group2",56613.2990706725
"Cell45","Cell45","Batch1","Group4",69296.342503834
"Cell46","Cell46","Batch1","Group2",50467.4103124496
"Cell47","Cell47","Batch1","Group3",64221.0969284249
"Cell48","Cell48","Batch1","Group1",37909.0849929253
"Cell49","Cell49","Batch1","Group1",46623.020548169
"Cell50","Cell50","Batch1","Group2",79509.3136872851
"Cell51","Cell51","Batch1","Group5",47915.8418647823
"Cell52","Cell52","Batch1","Group4",65903.02490387
"Cell53","Cell53","Batch1","Group1",32548.3616813917
"Cell54","Cell54","Batch1","Group2",67006.2827791888
"Cell55","Cell55","Batch1","Group2",56700.1520528077
"Cell56","Cell56","Batch1","Group4",56496.450317944
"Cell57","Cell57","Batch1","Group4",42770.5607850761
"Cell58","Cell58","Batch1","Group3",62656.2929848103
"Cell59","Cell59","Batch1","Group2",52809.5087634722
"Cell60","Cell60","Batch1","Group2",81268.9348084261
"Cell61","Cell61","Batch1","Group1",74008.2544880788
"Cell62","Cell62","Batch1","Group4",42080.3245059603
"Cell63","Cell63","Batch1","Group2",83304.8512754371
"Cell64","Cell64","Batch1","Group4",46967.5833912981
"Cell65","Cell65","Batch1","Group2",58653.3457053351
"Cell66","Cell66","Batch1","Group2",59064.9551170889
"Cell67","Cell67","Batch1","Group5",47925.402448018
"Cell68","Cell68","Batch1","Group4",49912.5916052217
"Cell69","Cell69","Batch1","Group4",59740.1178340487
"Cell70","Cell70","Batch1","Group4",78903.8809956643
"Cell71","Cell71","Batch1","Group2",67999.9279839688
"Cell72","Cell72","Batch1","Group3",63546.3058648089
"Cell73","Cell73","Batch1","Group4",73849.5002684185
"Cell74","Cell74","Batch1","Group2",63538.1168608801
"Cell75","Cell75","Batch1","Group2",64214.4256486561
"Cell76","Cell76","Batch1","Group2",47885.4198229223
"Cell77","Cell77","Batch1","Group3",80045.1279561935
"Cell78","Cell78","Batch1","Group4",59704.2617256532
"Cell79","Cell79","Batch1","Group4",63646.6442825543
"Cell80","Cell80","Batch1","Group2",52183.7200562963
"Cell81","Cell81","Batch1","Group5",53391.1036128535
"Cell82","Cell82","Batch1","Group4",49826.1510426917
"Cell83","Cell83","Batch1","Group2",40381.067695236
"Cell84","Cell84","Batch1","Group2",60541.463516864
"Cell85","Cell85","Batch1","Group5",43428.3007177548
"Cell86","Cell86","Batch1","Group4",37691.3242296412
"Cell87","Cell87","Batch1","Group5",42901.8107607622
"Cell88","Cell88","Batch1","Group4",43941.234793288
"Cell89","Cell89","Batch1","Group4",51571.7525336192
"Cell90","Cell90","Batch1","Group3",47013.6571101307
"Cell91","Cell91","Batch1","Group2",58829.9847566662
"Cell92","Cell92","Batch1","Group2",50076.2130586271
"Cell93","Cell93","Batch1","Group4",59931.9350416815
"Cell94","Cell94","Batch1","Group5",68393.7663748175
"Cell95","Cell95","Batch1","Group2",66651.6052700114
"Cell96","Cell96","Batch1","Group4",81875.7329415942
"Cell97","Cell97","Batch1","Group4",50447.239929981
"Cell98","Cell98","Batch1","Group5",46853.9053728315
"Cell99","Cell99","Batch1","Group4",54679.7037166224
"Cell100","Cell100","Batch1","Group2",54719.2727220769
"Cell101","Cell101","Batch1","Group3",68579.8421349351
"Cell102","Cell102","Batch1","Group2",64022.3000962366
"Cell103","Cell103","Batch1","Group2",38175.0453253322
"Cell104","Cell104","Batch1","Group2",55373.8640790559
"Cell105","Cell105","Batch1","Group4",44158.2707529863
"Cell106","Cell106","Batch1","Group5",53297.679549977
"Cell107","Cell107","Batch1","Group2",66683.9912068234
"Cell108","Cell108","Batch1","Group5",48150.3458444766
"Cell109","Cell109","Batch1","Group4",55064.0969035594
"Cell110","Cell110","Batch1","Group2",68741.0471696905
"Cell111","Cell111","Batch1","Group1",51836.8043602009
"Cell112","Cell112","Batch1","Group1",47535.851792759
"Cell113","Cell113","Batch1","Group4",60504.2571957619
"Cell114","Cell114","Batch1","Group5",55072.1659562684
"Cell115","Cell115","Batch1","Group2",58641.3031407399
"Cell116","Cell116","Batch1","Group5",42886.208996278
"Cell117","Cell117","Batch1","Group1",46922.4380050883
"Cell118","Cell118","Batch1","Group1",52469.1204525833
"Cell119","Cell119","Batch1","Group2",56570.0832872316
"Cell120","Cell120","Batch1","Group3",53496.1521898277
"Cell121","Cell121","Batch1","Group4",51864.99991776
"Cell122","Cell122","Batch1","Group2",50967.4678675334
"Cell123","Cell123","Batch1","Group4",55932.8343684975
"Cell124","Cell124","Batch1","Group2",68542.0314927006
"Cell125","Cell125","Batch1","Group1",50634.4694752387
"Cell126","Cell126","Batch1","Group2",54189.959338275
"Cell127","Cell127","Batch1","Group2",57193.8153266683
"Cell128","Cell128","Batch1","Group4",57877.7226511988
"Cell129","Cell129","Batch1","Group5",56724.2303258051
"Cell130","Cell130","Batch1","Group1",51549.7081638506
"Cell131","Cell131","Batch1","Group3",52533.0494372255
"Cell132","Cell132","Batch1","Group3",53089.2483512246
"Cell133","Cell133","Batch1","Group2",42945.832741153
"Cell134","Cell134","Batch1","Group4",63077.0758000659
"Cell135","Cell135","Batch1","Group4",68231.3498241497
"Cell136","Cell136","Batch1","Group4",73940.1690744548
"Cell137","Cell137","Batch1","Group4",47719.7751433009
"Cell138","Cell138","Batch1","Group2",67547.1236290928
"Cell139","Cell139","Batch1","Group4",63311.0974560252
"Cell140","Cell140","Batch1","Group4",53368.6654722574
"Cell141","Cell141","Batch1","Group4",52452.9013261168
"Cell142","Cell142","Batch1","Group2",71768.0291600217
"Cell143","Cell143","Batch1","Group5",51402.4584976847
"Cell144","Cell144","Batch1","Group4",63321.8147890428
"Cell145","Cell145","Batch1","Group4",64411.6862045698
"Cell146","Cell146","Batch1","Group2",65493.518455039
"Cell147","Cell147","Batch1","Group3",64824.7749757479
"Cell148","Cell148","Batch1","Group2",60726.0158707034
"Cell149","Cell149","Batch1","Group4",45814.1113152837
"Cell150","Cell150","Batch1","Group3",60392.6022105724
"Cell151","Cell151","Batch1","Group2",41438.0040081846
"Cell152","Cell152","Batch1","Group4",75790.47523327
"Cell153","Cell153","Batch1","Group2",69179.2252717205
"Cell154","Cell154","Batch1","Group5",57530.0506244589
"Cell155","Cell155","Batch1","Group1",56891.0140643131
"Cell156","Cell156","Batch1","Group4",58181.3539717579
"Cell157","Cell157","Batch1","Group2",55611.7124188781
"Cell158","Cell158","Batch1","Group2",46895.7400768106
"Cell159","Cell159","Batch1","Group2",49509.3934261156
"Cell160","Cell160","Batch1","Group5",66124.4820275325
"Cell161","Cell161","Batch1","Group4",64609.5667508955
"Cell162","Cell162","Batch1","Group2",39461.3228319201
"Cell163","Cell163","Batch1","Group4",95093.7071478296
"Cell164","Cell164","Batch1","Group4",60517.5701075508
"Cell165","Cell165","Batch1","Group2",62572.5191868698
"Cell166","Cell166","Batch1","Group5",42973.4907438489
"Cell167","Cell167","Batch1","Group2",65056.7863091764
"Cell168","Cell168","Batch1","Group2",44955.4637302814
"Cell169","Cell169","Batch1","Group5",47600.5572077429
"Cell170","Cell170","Batch1","Group1",48196.9935078411
"Cell171","Cell171","Batch1","Group4",67994.9630822442
"Cell172","Cell172","Batch1","Group4",57553.0711086938
"Cell173","Cell173","Batch1","Group2",50017.7857780801
"Cell174","Cell174","Batch1","Group2",58913.4252371482
"Cell175","Cell175","Batch1","Group2",54048.8512322951
"Cell176","Cell176","Batch1","Group4",45666.6457373336
"Cell177","Cell177","Batch1","Group2",60348.9550520039
"Cell178","Cell178","Batch1","Group4",69104.484017288
"Cell179","Cell179","Batch1","Group2",94785.8936165284
"Cell180","Cell180","Batch1","Group2",49190.3839898188
"Cell181","Cell181","Batch1","Group4",99270.2551767672
"Cell182","Cell182","Batch1","Group4",57970.9059182638
"Cell183","Cell183","Batch1","Group4",44757.1402980919
"Cell184","Cell184","Batch1","Group3",58266.7046499496
"Cell185","Cell185","Batch1","Group2",58528.9450576914
"Cell186","Cell186","Batch1","Group4",67540.0639927053
"Cell187","Cell187","Batch1","Group5",49506.7880771964
"Cell188","Cell188","Batch1","Group2",52058.5929846944
"Cell189","Cell189","Batch1","Group1",60768.4534763366
"Cell190","Cell190","Batch1","Group2",69914.8548824367
"Cell191","Cell191","Batch1","Group2",64713.5522306545
"Cell192","Cell192","Batch1","Group4",78717.4145671746
"Cell193","Cell193","Batch1","Group1",65457.4401663465
"Cell194","Cell194","Batch1","Group2",54300.8235541722
"Cell195","Cell195","Batch1","Group2",69023.7756763601
"Cell196","Cell196","Batch1","Group2",68287.1113067139
"Cell197","Cell197","Batch1","Group2",53705.7189871783
"Cell198","Cell198","Batch1","Group2",60088.9238706533
"Cell199","Cell199","Batch1","Group1",66475.788948402
"Cell200","Cell200","Batch1","Group2",55161.8526224836
"Cell201","Cell201","Batch1","Group4",81221.2997497858
"Cell202","Cell202","Batch1","Group2",50564.2383163837
"Cell203","Cell203","Batch1","Group5",74411.6757039146
"Cell204","Cell204","Batch1","Group5",49764.3185102161
"Cell205","Cell205","Batch1","Group2",48415.2259022794
"Cell206","Cell206","Batch1","Group4",65361.7200771476
"Cell207","Cell207","Batch1","Group2",53983.5696194201
"Cell208","Cell208","Batch1","Group4",64380.4335809671
"Cell209","Cell209","Batch1","Group5",57501.8921239992
"Cell210","Cell210","Batch1","Group2",56684.1978210588
"Cell211","Cell211","Batch1","Group4",52852.1840949113
"Cell212","Cell212","Batch1","Group4",47007.7140270934
"Cell213","Cell213","Batch1","Group4",56469.4831396644
"Cell214","Cell214","Batch1","Group4",70548.5040626089
"Cell215","Cell215","Batch1","Group4",62673.9246883829
"Cell216","Cell216","Batch1","Group5",58120.5841425626
"Cell217","Cell217","Batch1","Group4",76729.4313112308
"Cell218","Cell218","Batch1","Group4",56415.8593614003
"Cell219","Cell219","Batch1","Group2",37034.1041632247
"Cell220","Cell220","Batch1","Group2",59948.38594157
"Cell221","Cell221","Batch1","Group2",95974.3289681859
"Cell222","Cell222","Batch1","Group4",63142.6131348344
"Cell223","Cell223","Batch1","Group2",77038.6908005103
"Cell224","Cell224","Batch1","Group4",57376.3918948296
"Cell225","Cell225","Batch1","Group4",37279.3391381922
"Cell226","Cell226","Batch1","Group1",56630.2651479909
"Cell227","Cell227","Batch1","Group5",76571.479935429
"Cell228","Cell228","Batch1","Group2",44689.776326644
"Cell229","Cell229","Batch1","Group4",79916.3830921221
"Cell230","Cell230","Batch1","Group5",47397.5821206802
"Cell231","Cell231","Batch1","Group2",56193.093457585
"Cell232","Cell232","Batch1","Group4",77666.1149227294
"Cell233","Cell233","Batch1","Group4",49077.026345116
"Cell234","Cell234","Batch1","Group1",40354.8278682799
"Cell235","Cell235","Batch1","Group4",54347.3366971515
"Cell236","Cell236","Batch1","Group4",49055.2675053538
"Cell237","Cell237","Batch1","Group2",51346.072754168
"Cell238","Cell238","Batch1","Group1",49245.1989765482
"Cell239","Cell239","Batch1","Group2",78128.5411847988
"Cell240","Cell240","Batch1","Group3",56942.5375402513
"Cell241","Cell241","Batch1","Group1",68487.3148756745
"Cell242","Cell242","Batch1","Group4",77989.5261161425
"Cell243","Cell243","Batch1","Group4",74484.6527403227
"Cell244","Cell244","Batch1","Group4",59613.2152302397
"Cell245","Cell245","Batch1","Group4",55541.267648465
"Cell246","Cell246","Batch1","Group4",53006.9944302351
"Cell247","Cell247","Batch1","Group2",59092.5622947911
"Cell248","Cell248","Batch1","Group4",52643.5591893385
"Cell249","Cell249","Batch1","Group3",42411.9651191845
"Cell250","Cell250","Batch1","Group1",78432.8038138147
"Cell251","Cell251","Batch1","Group4",44916.4965475762
"Cell252","Cell252","Batch1","Group2",48537.8780657246
"Cell253","Cell253","Batch1","Group5",44683.2307645448
"Cell254","Cell254","Batch1","Group2",52015.8229601763
"Cell255","Cell255","Batch1","Group4",67101.3420794976
"Cell256","Cell256","Batch1","Group2",66532.401569016
"Cell257","Cell257","Batch1","Group2",50456.2755491196
"Cell258","Cell258","Batch1","Group4",56858.7498330596
"Cell259","Cell259","Batch1","Group2",65955.8341403629
"Cell260","Cell260","Batch1","Group4",50076.7839499694
"Cell261","Cell261","Batch1","Group2",50998.080115604
"Cell262","Cell262","Batch1","Group4",48594.1881128113
"Cell263","Cell263","Batch1","Group2",76432.5256817811
"Cell264","Cell264","Batch1","Group3",48198.9443466035
"Cell265","Cell265","Batch1","Group2",43622.7114516584
"Cell266","Cell266","Batch1","Group2",54225.5794336928
"Cell267","Cell267","Batch1","Group2",71652.7496537815
"Cell268","Cell268","Batch1","Group4",76625.294494026
"Cell269","Cell269","Batch1","Group1",54784.2034644127
"Cell270","Cell270","Batch1","Group4",63933.8191019209
"Cell271","Cell271","Batch1","Group4",61106.7236216718
"Cell272","Cell272","Batch1","Group4",40236.0238220437
"Cell273","Cell273","Batch1","Group1",72527.5403542614
"Cell274","Cell274","Batch1","Group4",78036.4316735529
"Cell275","Cell275","Batch1","Group5",68171.5098305754
"Cell276","Cell276","Batch1","Group4",49369.1301072467
"Cell277","Cell277","Batch1","Group2",62899.150065986
"Cell278","Cell278","Batch1","Group5",59856.0507272254
"Cell279","Cell279","Batch1","Group2",66122.4830173131
"Cell280","Cell280","Batch1","Group4",55062.5423658302
"Cell281","Cell281","Batch1","Group4",48223.9904412732
"Cell282","Cell282","Batch1","Group5",81553.8442541168
"Cell283","Cell283","Batch1","Group4",51473.6900447626
"Cell284","Cell284","Batch1","Group5",74249.3355353552
"Cell285","Cell285","Batch1","Group2",59630.5953765817
"Cell286","Cell286","Batch1","Group1",45882.269436778
"Cell287","Cell287","Batch1","Group2",59806.44921703
"Cell288","Cell288","Batch1","Group2",56569.8113556933
"Cell289","Cell289","Batch1","Group1",61716.4937875105
"Cell290","Cell290","Batch1","Group2",59559.1421992625
"Cell291","Cell291","Batch1","Group2",64786.0051381029
"Cell292","Cell292","Batch1","Group2",52282.1518987791
"Cell293","Cell293","Batch1","Group3",61952.574263044
"Cell294","Cell294","Batch1","Group4",87835.243669953
"Cell295","Cell295","Batch1","Group4",49234.4711543742
"Cell296","Cell296","Batch1","Group5",69601.4563969128
"Cell297","Cell297","Batch1","Group4",60991.7317812108
"Cell298","Cell298","Batch1","Group3",64961.0692515812
"Cell299","Cell299","Batch1","Group3",40432.907756159
"Cell300","Cell300","Batch1","Group4",62726.5781622809
"Cell301","Cell301","Batch1","Group5",46891.5797081387
"Cell302","Cell302","Batch1","Group2",40087.7839104808
"Cell303","Cell303","Batch1","Group5",63530.1632687475
"Cell304","Cell304","Batch1","Group2",65828.6136598559
"Cell305","Cell305","Batch1","Group2",60976.3544343769
"Cell306","Cell306","Batch1","Group4",52808.2302879587
"Cell307","Cell307","Batch1","Group2",48431.5511804677
"Cell308","Cell308","Batch1","Group3",61657.1254471403
"Cell309","Cell309","Batch1","Group5",38077.4783417723
"Cell310","Cell310","Batch1","Group2",57002.5669131699
"Cell311","Cell311","Batch1","Group2",45100.7964086114
"Cell312","Cell312","Batch1","Group4",49206.9843432989
"Cell313","Cell313","Batch1","Group4",60700.4830952643
"Cell314","Cell314","Batch1","Group1",43502.5905479174
"Cell315","Cell315","Batch1","Group2",52114.8253463389
"Cell316","Cell316","Batch1","Group3",56938.9192606887
"Cell317","Cell317","Batch1","Group3",54397.8753847806
"Cell318","Cell318","Batch1","Group1",69352.2313977384
"Cell319","Cell319","Batch1","Group2",65750.6063573691
"Cell320","Cell320","Batch1","Group4",64105.0631743183
"Cell321","Cell321","Batch1","Group4",56697.2756091575
"Cell322","Cell322","Batch1","Group5",65181.5271642591
"Cell323","Cell323","Batch1","Group4",60869.9960330743
"Cell324","Cell324","Batch1","Group2",55892.1410480722
"Cell325","Cell325","Batch1","Group2",48054.6907304388
"Cell326","Cell326","Batch1","Group2",64834.4723248786
"Cell327","Cell327","Batch1","Group2",57213.010882681
"Cell328","Cell328","Batch1","Group2",61804.9702576295
"Cell329","Cell329","Batch1","Group4",70904.0715715161
"Cell330","Cell330","Batch1","Group1",77208.1474088767
"Cell331","Cell331","Batch1","Group4",63922.7320258852
"Cell332","Cell332","Batch1","Group2",53346.5193881849
"Cell333","Cell333","Batch1","Group2",52371.9187821162
"Cell334","Cell334","Batch1","Group4",50416.7224785405
"Cell335","Cell335","Batch1","Group2",74286.7191686268
"Cell336","Cell336","Batch1","Group2",50434.8593709186
"Cell337","Cell337","Batch1","Group4",49502.0106960378
"Cell338","Cell338","Batch1","Group4",91842.7108631148
"Cell339","Cell339","Batch1","Group2",49256.0410373533
"Cell340","Cell340","Batch1","Group2",58224.7875907199
"Cell341","Cell341","Batch1","Group4",50017.0446944891
"Cell342","Cell342","Batch1","Group2",70394.7505070559
"Cell343","Cell343","Batch1","Group4",74078.6511064248
"Cell344","Cell344","Batch1","Group4",59682.4063691295
"Cell345","Cell345","Batch1","Group1",43873.3783032431
"Cell346","Cell346","Batch1","Group3",66806.3215385418
"Cell347","Cell347","Batch1","Group4",56646.4210016228
"Cell348","Cell348","Batch1","Group4",77616.2558479627
"Cell349","Cell349","Batch1","Group1",63406.0491987552
"Cell350","Cell350","Batch1","Group4",73826.3489146976
"Cell351","Cell351","Batch1","Group1",59102.5979907904
"Cell352","Cell352","Batch1","Group2",71596.7866766203
"Cell353","Cell353","Batch1","Group2",52379.3938507808
"Cell354","Cell354","Batch1","Group1",56660.5143400084
"Cell355","Cell355","Batch1","Group2",66448.0981769931
"Cell356","Cell356","Batch1","Group1",54476.0805291585
"Cell357","Cell357","Batch1","Group4",56089.9213838801
"Cell358","Cell358","Batch1","Group4",69175.2660532146
"Cell359","Cell359","Batch1","Group4",46017.3643326658
"Cell360","Cell360","Batch1","Group2",46010.9368035277
"Cell361","Cell361","Batch1","Group4",69646.7578208705
"Cell362","Cell362","Batch1","Group1",48368.4785816676
"Cell363","Cell363","Batch1","Group2",55905.3434259134
"Cell364","Cell364","Batch1","Group2",47392.8457291845
"Cell365","Cell365","Batch1","Group4",53162.9384989861
"Cell366","Cell366","Batch1","Group2",70689.3098846792
"Cell367","Cell367","Batch1","Group2",69231.1744622933
"Cell368","Cell368","Batch1","Group4",29911.7992850806
"Cell369","Cell369","Batch1","Group5",60590.1976315266
"Cell370","Cell370","Batch1","Group2",50160.7837600847
"Cell371","Cell371","Batch1","Group5",61313.3355058533
"Cell372","Cell372","Batch1","Group4",50706.0687683997
"Cell373","Cell373","Batch1","Group5",58637.6892738676
"Cell374","Cell374","Batch1","Group1",60611.4705674739
"Cell375","Cell375","Batch1","Group4",50658.1089138383
"Cell376","Cell376","Batch1","Group5",66280.3993930789
"Cell377","Cell377","Batch1","Group4",76350.5912756982
"Cell378","Cell378","Batch1","Group3",91013.1674500061
"Cell379","Cell379","Batch1","Group5",52708.7473949001
"Cell380","Cell380","Batch1","Group2",59285.6178020576
"Cell381","Cell381","Batch1","Group4",49573.7343986122
"Cell382","Cell382","Batch1","Group2",43484.7870881543
"Cell383","Cell383","Batch1","Group1",50185.6204743951
"Cell384","Cell384","Batch1","Group2",55700.8323176948
"Cell385","Cell385","Batch1","Group4",59534.5251155324
"Cell386","Cell386","Batch1","Group1",57888.8833469337
"Cell387","Cell387","Batch1","Group4",61824.6451229527
"Cell388","Cell388","Batch1","Group2",48928.0003901801
"Cell389","Cell389","Batch1","Group2",58066.7937060027
"Cell390","Cell390","Batch1","Group4",59469.3804936822
"Cell391","Cell391","Batch1","Group5",45645.370819616
"Cell392","Cell392","Batch1","Group3",53397.4748507114
"Cell393","Cell393","Batch1","Group2",98489.1347386866
"Cell394","Cell394","Batch1","Group4",74469.662957992
"Cell395","Cell395","Batch1","Group2",77395.9911031252
"Cell396","Cell396","Batch1","Group2",66608.4779361859
"Cell397","Cell397","Batch1","Group4",73906.091201161
"Cell398","Cell398","Batch1","Group4",66377.772264088
"Cell399","Cell399","Batch1","Group2",48678.9828392356
"Cell400","Cell400","Batch1","Group5",72216.2591749875
"Cell401","Cell401","Batch1","Group5",66800.6676110921
"Cell402","Cell402","Batch1","Group3",55411.6848477395
"Cell403","Cell403","Batch1","Group4",62039.6862736769
"Cell404","Cell404","Batch1","Group4",71995.5381054555
"Cell405","Cell405","Batch1","Group4",55295.5216148724
"Cell406","Cell406","Batch1","Group5",75050.4472761335
"Cell407","Cell407","Batch1","Group3",65136.4716509174
"Cell408","Cell408","Batch1","Group4",50350.1807751725
"Cell409","Cell409","Batch1","Group2",68575.6839522967
"Cell410","Cell410","Batch1","Group4",67048.1077228797
"Cell411","Cell411","Batch1","Group1",53098.8475931219
"Cell412","Cell412","Batch1","Group4",41151.1268936636
"Cell413","Cell413","Batch1","Group2",49333.2454949736
"Cell414","Cell414","Batch1","Group4",72257.6087148964
"Cell415","Cell415","Batch1","Group2",62726.2529053364
"Cell416","Cell416","Batch1","Group3",41877.3329505089
"Cell417","Cell417","Batch1","Group5",52049.1618492282
"Cell418","Cell418","Batch1","Group1",72127.9267036371
"Cell419","Cell419","Batch1","Group3",58891.7669887245
"Cell420","Cell420","Batch1","Group2",52535.7018730445
"Cell421","Cell421","Batch1","Group4",50174.8297455607
"Cell422","Cell422","Batch1","Group2",65268.2000342735
"Cell423","Cell423","Batch1","Group2",53607.3607891965
"Cell424","Cell424","Batch1","Group2",51656.0121939624
"Cell425","Cell425","Batch1","Group4",56832.6432577848
"Cell426","Cell426","Batch1","Group4",73148.3953425757
"Cell427","Cell427","Batch1","Group2",60720.196508845
"Cell428","Cell428","Batch1","Group4",84527.7415408729
"Cell429","Cell429","Batch1","Group3",66919.2482381048
"Cell430","Cell430","Batch1","Group4",67320.8944358476
"Cell431","Cell431","Batch1","Group2",54927.9736865708
"Cell432","Cell432","Batch1","Group5",55724.7848273162
"Cell433","Cell433","Batch1","Group2",61704.3249160849
"Cell434","Cell434","Batch1","Group3",77628.7898714677
"Cell435","Cell435","Batch1","Group4",77067.7606689595
"Cell436","Cell436","Batch1","Group5",50631.7743991016
"Cell437","Cell437","Batch1","Group5",63194.3254331902
"Cell438","Cell438","Batch1","Group5",54280.5718849042
"Cell439","Cell439","Batch1","Group4",57710.0813302675
"Cell440","Cell440","Batch1","Group4",53973.3740196637
"Cell441","Cell441","Batch1","Group3",62413.5612682021
"Cell442","Cell442","Batch1","Group4",48601.2438607515
"Cell443","Cell443","Batch1","Group2",69963.4245226504
"Cell444","Cell444","Batch1","Group2",64978.1318242805
"Cell445","Cell445","Batch1","Group2",88399.190236828
"Cell446","Cell446","Batch1","Group2",66682.5238965979
"Cell447","Cell447","Batch1","Group2",64823.0509627022
"Cell448","Cell448","Batch1","Group4",34595.0102106259
"Cell449","Cell449","Batch1","Group2",48824.3237291178
"Cell450","Cell450","Batch1","Group2",39202.1595186979
"Cell451","Cell451","Batch1","Group2",48895.591759928
"Cell452","Cell452","Batch1","Group5",56757.9119166363
"Cell453","Cell453","Batch1","Group4",50337.3723913594
"Cell454","Cell454","Batch1","Group2",73688.4933047495
"Cell455","Cell455","Batch1","Group3",55451.6761378693
"Cell456","Cell456","Batch1","Group2",48050.888044605
"Cell457","Cell457","Batch1","Group4",64820.9499640094
"Cell458","Cell458","Batch1","Group4",73217.4628867753
"Cell459","Cell459","Batch1","Group4",54537.1417542463
"Cell460","Cell460","Batch1","Group2",48452.600512824
"Cell461","Cell461","Batch1","Group4",64036.4809296161
"Cell462","Cell462","Batch1","Group4",55337.2429381712
"Cell463","Cell463","Batch1","Group5",62767.1511142267
"Cell464","Cell464","Batch1","Group2",49150.4093649458
"Cell465","Cell465","Batch1","Group2",59575.5413476541
"Cell466","Cell466","Batch1","Group4",43404.0763546147
"Cell467","Cell467","Batch1","Group1",69937.586544576
"Cell468","Cell468","Batch1","Group3",82624.5402798112
"Cell469","Cell469","Batch1","Group2",66711.5715902799
"Cell470","Cell470","Batch1","Group2",48375.420190254
"Cell471","Cell471","Batch1","Group1",53370.4569786751
"Cell472","Cell472","Batch1","Group4",89208.2664534608
"Cell473","Cell473","Batch1","Group5",69211.7166139034
"Cell474","Cell474","Batch1","Group1",57541.4967722739
"Cell475","Cell475","Batch1","Group1",73326.6505008768
"Cell476","Cell476","Batch1","Group5",57227.4508472696
"Cell477","Cell477","Batch1","Group2",65155.9895874912
"Cell478","Cell478","Batch1","Group3",57315.0622600156
"Cell479","Cell479","Batch1","Group3",51924.7209712221
"Cell480","Cell480","Batch1","Group2",64844.0578821472
"Cell481","Cell481","Batch1","Group4",75861.8954717095
"Cell482","Cell482","Batch1","Group4",102637.575711399
"Cell483","Cell483","Batch1","Group2",57560.0168931234
"Cell484","Cell484","Batch1","Group2",64569.4607040254
"Cell485","Cell485","Batch1","Group2",52720.420273563
"Cell486","Cell486","Batch1","Group4",46888.8927388808
"Cell487","Cell487","Batch1","Group1",59922.9576501713
"Cell488","Cell488","Batch1","Group4",41423.5179650249
"Cell489","Cell489","Batch1","Group1",66943.0836826905
"Cell490","Cell490","Batch1","Group4",49302.5089788668
"Cell491","Cell491","Batch1","Group2",49734.6637939975
"Cell492","Cell492","Batch1","Group2",65746.6896297289
"Cell493","Cell493","Batch1","Group4",62331.478754929
"Cell494","Cell494","Batch1","Group5",63273.5702384037
"Cell495","Cell495","Batch1","Group2",65889.4014142808
"Cell496","Cell496","Batch1","Group4",64244.748859054
"Cell497","Cell497","Batch1","Group4",68723.4624515873
"Cell498","Cell498","Batch1","Group3",62633.1869194013
"Cell499","Cell499","Batch1","Group4",61448.6774368563
"Cell500","Cell500","Batch1","Group4",73490.7063529277
"Cell501","Cell501","Batch1","Group4",58293.764163853
"Cell502","Cell502","Batch1","Group4",66096.4359731922
"Cell503","Cell503","Batch1","Group3",46851.2606908549
"Cell504","Cell504","Batch1","Group1",67519.0414821569
"Cell505","Cell505","Batch1","Group2",79489.3817072302
"Cell506","Cell506","Batch1","Group4",80899.9560682756
"Cell507","Cell507","Batch1","Group4",61839.204251848
"Cell508","Cell508","Batch1","Group2",40304.3491090922
"Cell509","Cell509","Batch1","Group4",59245.4491836046
"Cell510","Cell510","Batch1","Group4",95226.4606254736
"Cell511","Cell511","Batch1","Group2",61432.5570870842
"Cell512","Cell512","Batch1","Group4",70765.0727798825
"Cell513","Cell513","Batch1","Group2",84312.9388037585
"Cell514","Cell514","Batch1","Group4",86306.0651544382
"Cell515","Cell515","Batch1","Group3",58864.6256246595
"Cell516","Cell516","Batch1","Group2",52515.0121561168
"Cell517","Cell517","Batch1","Group2",55852.2329269851
"Cell518","Cell518","Batch1","Group5",55444.0263066322
"Cell519","Cell519","Batch1","Group5",70108.6586800223
"Cell520","Cell520","Batch1","Group5",60098.0932308984
"Cell521","Cell521","Batch1","Group3",85574.6076811536
"Cell522","Cell522","Batch1","Group4",57805.484895794
"Cell523","Cell523","Batch1","Group1",52795.5497920376
"Cell524","Cell524","Batch1","Group3",48550.133104141
"Cell525","Cell525","Batch1","Group2",61128.2384906063
"Cell526","Cell526","Batch1","Group2",76510.851603024
"Cell527","Cell527","Batch1","Group2",51634.2629379235
"Cell528","Cell528","Batch1","Group2",60018.3833814941
"Cell529","Cell529","Batch1","Group2",55509.499722507
"Cell530","Cell530","Batch1","Group1",51874.0052178521
"Cell531","Cell531","Batch1","Group4",54003.0226142021
"Cell532","Cell532","Batch1","Group4",67713.6990643652
"Cell533","Cell533","Batch1","Group2",69205.6999849259
"Cell534","Cell534","Batch1","Group4",72846.3499453914
"Cell535","Cell535","Batch1","Group4",91662.5777701506
"Cell536","Cell536","Batch1","Group2",63790.4003295914
"Cell537","Cell537","Batch1","Group1",54661.0928933703
"Cell538","Cell538","Batch1","Group1",40047.424291854
"Cell539","Cell539","Batch1","Group2",74368.1798708058
"Cell540","Cell540","Batch1","Group4",55567.1519080284
"Cell541","Cell541","Batch1","Group3",45792.0084760245
"Cell542","Cell542","Batch1","Group2",62647.7385021789
"Cell543","Cell543","Batch1","Group2",47387.0272530957
"Cell544","Cell544","Batch1","Group1",43500.5577392355
"Cell545","Cell545","Batch1","Group2",57709.8830141349
"Cell546","Cell546","Batch1","Group2",82306.6190922251
"Cell547","Cell547","Batch1","Group3",97696.4596033862
"Cell548","Cell548","Batch1","Group4",50745.3792793442
"Cell549","Cell549","Batch1","Group2",57769.160180237
"Cell550","Cell550","Batch1","Group4",74384.2208297277
"Cell551","Cell551","Batch1","Group3",53931.2383001246
"Cell552","Cell552","Batch1","Group5",57562.2775164735
"Cell553","Cell553","Batch1","Group2",70548.0134472632
"Cell554","Cell554","Batch1","Group2",58622.8309408319
"Cell555","Cell555","Batch1","Group2",54698.4552150813
"Cell556","Cell556","Batch1","Group3",98944.8284234525
"Cell557","Cell557","Batch1","Group2",57558.7089840273
"Cell558","Cell558","Batch1","Group2",60979.9463255481
"Cell559","Cell559","Batch1","Group2",90294.2734128935
"Cell560","Cell560","Batch1","Group2",61987.557123686
"Cell561","Cell561","Batch1","Group1",57139.1281875814
"Cell562","Cell562","Batch1","Group3",45176.4852243737
"Cell563","Cell563","Batch1","Group4",55368.3329830936
"Cell564","Cell564","Batch1","Group2",63772.4508539426
"Cell565","Cell565","Batch1","Group4",55473.901782547
"Cell566","Cell566","Batch1","Group1",44013.9363136439
"Cell567","Cell567","Batch1","Group3",61858.4507980026
"Cell568","Cell568","Batch1","Group2",49343.1241642918
"Cell569","Cell569","Batch1","Group2",90575.9805800942
"Cell570","Cell570","Batch1","Group4",47326.5769042803
"Cell571","Cell571","Batch1","Group2",55337.689787878
"Cell572","Cell572","Batch1","Group4",54793.2248260399
"Cell573","Cell573","Batch1","Group4",59291.4085341133
"Cell574","Cell574","Batch1","Group1",58689.0520450518
"Cell575","Cell575","Batch1","Group2",91800.0647561378
"Cell576","Cell576","Batch1","Group2",56456.9773603477
"Cell577","Cell577","Batch1","Group2",63617.0985189566
"Cell578","Cell578","Batch1","Group4",61465.2503982193
"Cell579","Cell579","Batch1","Group4",62486.8850662914
"Cell580","Cell580","Batch1","Group2",75647.3429330216
"Cell581","Cell581","Batch1","Group4",91270.9271890563
"Cell582","Cell582","Batch1","Group4",57737.6521648166
"Cell583","Cell583","Batch1","Group5",45571.4632688382
"Cell584","Cell584","Batch1","Group4",49151.0936055554
"Cell585","Cell585","Batch1","Group1",63418.0164189207
"Cell586","Cell586","Batch1","Group1",65062.8975301544
"Cell587","Cell587","Batch1","Group1",66963.2628278919
"Cell588","Cell588","Batch1","Group2",55305.9097252723
"Cell589","Cell589","Batch1","Group5",51200.2134741639
"Cell590","Cell590","Batch1","Group2",55528.7368911533
"Cell591","Cell591","Batch1","Group4",59705.3269083282
"Cell592","Cell592","Batch1","Group4",77942.9911174717
"Cell593","Cell593","Batch1","Group4",63036.1003963252
"Cell594","Cell594","Batch1","Group3",64631.2425503572
"Cell595","Cell595","Batch1","Group4",55977.1072941176
"Cell596","Cell596","Batch1","Group5",65673.5546677473
"Cell597","Cell597","Batch1","Group4",48131.0943827392
"Cell598","Cell598","Batch1","Group4",77611.0782987056
"Cell599","Cell599","Batch1","Group4",54226.5454581908
"Cell600","Cell600","Batch1","Group2",46713.3956333337
"Cell601","Cell601","Batch1","Group2",60305.4215617336
"Cell602","Cell602","Batch1","Group5",57083.5424667242
"Cell603","Cell603","Batch1","Group1",78397.5283485289
"Cell604","Cell604","Batch1","Group3",64254.4135569702
"Cell605","Cell605","Batch1","Group2",62377.7982276655
"Cell606","Cell606","Batch1","Group1",48143.373859613
"Cell607","Cell607","Batch1","Group2",52850.5143887966
"Cell608","Cell608","Batch1","Group4",83081.6259517691
"Cell609","Cell609","Batch1","Group4",56361.3200358464
"Cell610","Cell610","Batch1","Group1",95278.0249178415
"Cell611","Cell611","Batch1","Group4",48635.7200231809
"Cell612","Cell612","Batch1","Group5",65025.1812220919
"Cell613","Cell613","Batch1","Group1",71650.4862116555
"Cell614","Cell614","Batch1","Group2",62723.7012506593
"Cell615","Cell615","Batch1","Group2",38078.7915931261
"Cell616","Cell616","Batch1","Group2",55256.9610039902
"Cell617","Cell617","Batch1","Group2",50384.3106320712
"Cell618","Cell618","Batch1","Group4",67878.3123881504
"Cell619","Cell619","Batch1","Group4",54866.1073927188
"Cell620","Cell620","Batch1","Group2",49040.1288218993
"Cell621","Cell621","Batch1","Group1",54442.133408255
"Cell622","Cell622","Batch1","Group4",67998.0611765206
"Cell623","Cell623","Batch1","Group2",64886.7766420865
"Cell624","Cell624","Batch1","Group4",72594.2526847382
"Cell625","Cell625","Batch1","Group4",57406.9527465081
"Cell626","Cell626","Batch1","Group4",65861.0780408178
"Cell627","Cell627","Batch1","Group2",55347.7447995562
"Cell628","Cell628","Batch1","Group3",59723.1212190607
"Cell629","Cell629","Batch1","Group2",47082.0739675897
"Cell630","Cell630","Batch1","Group2",81432.7947707771
"Cell631","Cell631","Batch1","Group2",68443.3999976399
"Cell632","Cell632","Batch1","Group1",39840.0407454927
"Cell633","Cell633","Batch1","Group3",57113.242331417
"Cell634","Cell634","Batch1","Group2",74970.8317039807
"Cell635","Cell635","Batch1","Group2",54847.51574409
"Cell636","Cell636","Batch1","Group2",59731.49898796
"Cell637","Cell637","Batch1","Group5",57839.7406747304
"Cell638","Cell638","Batch1","Group2",73988.954690879
"Cell639","Cell639","Batch1","Group4",54307.5511882586
"Cell640","Cell640","Batch1","Group4",88967.3537890897
"Cell641","Cell641","Batch1","Group2",63744.953546898
"Cell642","Cell642","Batch1","Group5",62164.045996167
"Cell643","Cell643","Batch1","Group1",61422.1893562606
"Cell644","Cell644","Batch1","Group4",57273.2652323749
"Cell645","Cell645","Batch1","Group2",58647.1804962068
"Cell646","Cell646","Batch1","Group2",51029.3909354662
"Cell647","Cell647","Batch1","Group3",47306.3377106422
"Cell648","Cell648","Batch1","Group4",38694.9943186127
"Cell649","Cell649","Batch1","Group2",65197.094733569
"Cell650","Cell650","Batch1","Group4",86373.1906566385
"Cell651","Cell651","Batch1","Group4",42526.4603633443
"Cell652","Cell652","Batch1","Group5",50723.6728309085
"Cell653","Cell653","Batch1","Group4",54450.7252014753
"Cell654","Cell654","Batch1","Group2",53031.4684918953
"Cell655","Cell655","Batch1","Group3",56849.5355674431
"Cell656","Cell656","Batch1","Group3",49967.1423584077
"Cell657","Cell657","Batch1","Group3",58869.0483453956
"Cell658","Cell658","Batch1","Group2",62673.8924946535
"Cell659","Cell659","Batch1","Group2",52045.8582072287
"Cell660","Cell660","Batch1","Group3",52116.9217833885
"Cell661","Cell661","Batch1","Group2",58401.8109946317
"Cell662","Cell662","Batch1","Group3",50473.0951732023
"Cell663","Cell663","Batch1","Group1",58290.5318821073
"Cell664","Cell664","Batch1","Group2",51123.9680196798
"Cell665","Cell665","Batch1","Group1",47782.9492371593
"Cell666","Cell666","Batch1","Group2",54366.1773955312
"Cell667","Cell667","Batch1","Group2",54633.4221985859
"Cell668","Cell668","Batch1","Group4",45154.2957466232
"Cell669","Cell669","Batch1","Group2",70051.5841780265
"Cell670","Cell670","Batch1","Group5",56058.5159936909
"Cell671","Cell671","Batch1","Group2",63021.3677051896
"Cell672","Cell672","Batch1","Group2",60962.3618850321
"Cell673","Cell673","Batch1","Group2",50798.4546421211
"Cell674","Cell674","Batch1","Group5",58508.6594516121
"Cell675","Cell675","Batch1","Group4",52980.5946064575
"Cell676","Cell676","Batch1","Group2",71868.0524366009
"Cell677","Cell677","Batch1","Group4",70940.0811809244
"Cell678","Cell678","Batch1","Group3",44663.5631078268
"Cell679","Cell679","Batch1","Group2",63553.9027009141
"Cell680","Cell680","Batch1","Group2",82599.6672177174
"Cell681","Cell681","Batch1","Group4",53996.835885511
"Cell682","Cell682","Batch1","Group3",52286.2065488159
"Cell683","Cell683","Batch1","Group4",50997.175329602
"Cell684","Cell684","Batch1","Group2",38988.28907407
"Cell685","Cell685","Batch1","Group2",53371.6041869495
"Cell686","Cell686","Batch1","Group2",55290.1153138739
"Cell687","Cell687","Batch1","Group2",80236.4102350779
"Cell688","Cell688","Batch1","Group3",70265.000129597
"Cell689","Cell689","Batch1","Group3",52495.9994028318
"Cell690","Cell690","Batch1","Group2",45629.1874949236
"Cell691","Cell691","Batch1","Group4",65243.6046652596
"Cell692","Cell692","Batch1","Group4",43984.8728788509
"Cell693","Cell693","Batch1","Group4",51062.0700986937
"Cell694","Cell694","Batch1","Group2",58452.6136678284
"Cell695","Cell695","Batch1","Group1",54008.07577767
"Cell696","Cell696","Batch1","Group2",59779.7320497624
"Cell697","Cell697","Batch1","Group2",42357.0120126301
"Cell698","Cell698","Batch1","Group3",48220.6189942243
"Cell699","Cell699","Batch1","Group5",64497.1761959539
"Cell700","Cell700","Batch1","Group2",59192.5299350224
"Cell701","Cell701","Batch1","Group2",33009.8729782257
"Cell702","Cell702","Batch1","Group4",64709.4534027089
"Cell703","Cell703","Batch1","Group4",89302.2819984857
"Cell704","Cell704","Batch1","Group2",73743.3037006118
"Cell705","Cell705","Batch1","Group5",87297.1784723573
"Cell706","Cell706","Batch1","Group4",50431.3687627572
"Cell707","Cell707","Batch1","Group4",64587.5304481422
"Cell708","Cell708","Batch1","Group3",48917.6119720463
"Cell709","Cell709","Batch1","Group4",66564.9990598755
"Cell710","Cell710","Batch1","Group4",62064.559419488
"Cell711","Cell711","Batch1","Group4",53145.6164881378
"Cell712","Cell712","Batch1","Group3",54577.1133260128
"Cell713","Cell713","Batch1","Group5",60731.6566492494
"Cell714","Cell714","Batch1","Group5",50621.2754684492
"Cell715","Cell715","Batch1","Group2",79444.0031749772
"Cell716","Cell716","Batch1","Group5",71103.1162282182
"Cell717","Cell717","Batch1","Group3",61726.0600204426
"Cell718","Cell718","Batch1","Group5",64922.5783431824
"Cell719","Cell719","Batch1","Group4",64306.3249923179
"Cell720","Cell720","Batch1","Group4",46455.454850386
"Cell721","Cell721","Batch1","Group1",50239.2602084114
"Cell722","Cell722","Batch1","Group4",36964.2166676377
"Cell723","Cell723","Batch1","Group2",57617.3181278486
"Cell724","Cell724","Batch1","Group4",57200.7841751176
"Cell725","Cell725","Batch1","Group4",84110.7660181688
"Cell726","Cell726","Batch1","Group2",48707.0332984347
"Cell727","Cell727","Batch1","Group3",51190.9467343066
"Cell728","Cell728","Batch1","Group2",63610.436387433
"Cell729","Cell729","Batch1","Group2",71797.013262203
"Cell730","Cell730","Batch1","Group4",35721.8730308203
"Cell731","Cell731","Batch1","Group2",59030.1859434344
"Cell732","Cell732","Batch1","Group2",46514.7471662469
"Cell733","Cell733","Batch1","Group2",66969.296332138
"Cell734","Cell734","Batch1","Group4",59631.335035622
"Cell735","Cell735","Batch1","Group3",67502.4702408681
"Cell736","Cell736","Batch1","Group5",60809.8932107502
"Cell737","Cell737","Batch1","Group4",53330.2292928362
"Cell738","Cell738","Batch1","Group2",57084.3874137598
"Cell739","Cell739","Batch1","Group4",38207.8632050334
"Cell740","Cell740","Batch1","Group4",56766.0871235191
"Cell741","Cell741","Batch1","Group4",80596.6515731048
"Cell742","Cell742","Batch1","Group2",66717.9084055692
"Cell743","Cell743","Batch1","Group4",58643.4725127433
"Cell744","Cell744","Batch1","Group5",62478.0052354814
"Cell745","Cell745","Batch1","Group2",56536.6188236269
"Cell746","Cell746","Batch1","Group4",65114.5029447138
"Cell747","Cell747","Batch1","Group2",67297.8300756449
"Cell748","Cell748","Batch1","Group4",74670.2472042643
"Cell749","Cell749","Batch1","Group4",48557.9924183448
"Cell750","Cell750","Batch1","Group3",52991.6094411658
"Cell751","Cell751","Batch1","Group2",72469.829128364
"Cell752","Cell752","Batch1","Group3",59617.4044637964
"Cell753","Cell753","Batch1","Group4",43155.7088672508
"Cell754","Cell754","Batch1","Group3",62291.9733412524
"Cell755","Cell755","Batch1","Group1",65363.7894373151
"Cell756","Cell756","Batch1","Group1",43214.0750778249
"Cell757","Cell757","Batch1","Group1",66908.0930989504
"Cell758","Cell758","Batch1","Group3",56932.9373997951
"Cell759","Cell759","Batch1","Group4",55047.0520255969
"Cell760","Cell760","Batch1","Group4",75283.6830092213
"Cell761","Cell761","Batch1","Group4",47486.6129138772
"Cell762","Cell762","Batch1","Group4",51430.3824637501
"Cell763","Cell763","Batch1","Group5",65095.3332822083
"Cell764","Cell764","Batch1","Group3",62204.9059804734
"Cell765","Cell765","Batch1","Group1",73163.0502966995
"Cell766","Cell766","Batch1","Group3",73712.5003442729
"Cell767","Cell767","Batch1","Group4",49193.0639877196
"Cell768","Cell768","Batch1","Group4",62431.070142665
"Cell769","Cell769","Batch1","Group2",55543.8146611662
"Cell770","Cell770","Batch1","Group5",52041.8132791936
"Cell771","Cell771","Batch1","Group4",39966.998439333
"Cell772","Cell772","Batch1","Group4",62262.1928812525
"Cell773","Cell773","Batch1","Group2",67249.3881997309
"Cell774","Cell774","Batch1","Group4",64995.6928573177
"Cell775","Cell775","Batch1","Group5",43717.1507001646
"Cell776","Cell776","Batch1","Group4",63301.9977523622
"Cell777","Cell777","Batch1","Group4",65815.2433850538
"Cell778","Cell778","Batch1","Group2",45199.0081436583
"Cell779","Cell779","Batch1","Group4",57900.571887267
"Cell780","Cell780","Batch1","Group1",59029.7345830516
"Cell781","Cell781","Batch1","Group2",63861.9896048586
"Cell782","Cell782","Batch1","Group4",61206.978108332
"Cell783","Cell783","Batch1","Group1",74814.9552345911
"Cell784","Cell784","Batch1","Group4",53510.6330011225
"Cell785","Cell785","Batch1","Group4",59375.2313812656
"Cell786","Cell786","Batch1","Group2",46315.8215843266
"Cell787","Cell787","Batch1","Group4",65960.6468091028
"Cell788","Cell788","Batch1","Group4",63386.8467986731
"Cell789","Cell789","Batch1","Group1",53498.8964440503
"Cell790","Cell790","Batch1","Group2",65459.9968326433
"Cell791","Cell791","Batch1","Group3",71621.9284798991
"Cell792","Cell792","Batch1","Group3",59776.1158936475
"Cell793","Cell793","Batch1","Group3",52306.3907971935
"Cell794","Cell794","Batch1","Group3",44270.1854357518
"Cell795","Cell795","Batch1","Group2",48501.9967929319
"Cell796","Cell796","Batch1","Group4",64055.0999823798
"Cell797","Cell797","Batch1","Group2",68330.410154213
"Cell798","Cell798","Batch1","Group1",52991.9818897797
"Cell799","Cell799","Batch1","Group4",72442.6544048311
"Cell800","Cell800","Batch1","Group4",72940.489734504
"Cell801","Cell801","Batch1","Group2",46908.8550120135
"Cell802","Cell802","Batch1","Group2",56257.9076931004
"Cell803","Cell803","Batch1","Group2",61673.0653458415
"Cell804","Cell804","Batch1","Group4",85232.0210420208
"Cell805","Cell805","Batch1","Group1",60237.6234519414
"Cell806","Cell806","Batch1","Group2",45767.9426581793
"Cell807","Cell807","Batch1","Group4",66734.105434148
"Cell808","Cell808","Batch1","Group2",64975.970194554
"Cell809","Cell809","Batch1","Group4",46076.3564387904
"Cell810","Cell810","Batch1","Group2",45410.8293900949
"Cell811","Cell811","Batch1","Group4",41005.1920941993
"Cell812","Cell812","Batch1","Group1",48812.3821477973
"Cell813","Cell813","Batch1","Group2",68631.7344035739
"Cell814","Cell814","Batch1","Group5",58660.9842862614
"Cell815","Cell815","Batch1","Group4",91629.4060993427
"Cell816","Cell816","Batch1","Group4",72353.1130609712
"Cell817","Cell817","Batch1","Group3",59627.0157307455
"Cell818","Cell818","Batch1","Group2",56109.8238442861
"Cell819","Cell819","Batch1","Group5",76781.7034983884
"Cell820","Cell820","Batch1","Group4",54231.5414039282
"Cell821","Cell821","Batch1","Group1",52146.8589972415
"Cell822","Cell822","Batch1","Group4",65907.5138905664
"Cell823","Cell823","Batch1","Group3",48940.5566999274
"Cell824","Cell824","Batch1","Group2",49578.8599144847
"Cell825","Cell825","Batch1","Group4",55871.7011131206
"Cell826","Cell826","Batch1","Group2",85460.24471554
"Cell827","Cell827","Batch1","Group4",56768.9255042578
"Cell828","Cell828","Batch1","Group5",70505.3239555991
"Cell829","Cell829","Batch1","Group2",74723.3836351654
"Cell830","Cell830","Batch1","Group2",73013.3604406761
"Cell831","Cell831","Batch1","Group5",68002.7141047709
"Cell832","Cell832","Batch1","Group5",48931.6138546887
"Cell833","Cell833","Batch1","Group1",59119.2455473424
"Cell834","Cell834","Batch1","Group4",58920.3945517457
"Cell835","Cell835","Batch1","Group3",63210.170144993
"Cell836","Cell836","Batch1","Group4",72821.5493996899
"Cell837","Cell837","Batch1","Group2",55282.1629572282
"Cell838","Cell838","Batch1","Group2",72682.9300775453
"Cell839","Cell839","Batch1","Group4",62372.810807059
"Cell840","Cell840","Batch1","Group3",58568.9976017047
"Cell841","Cell841","Batch1","Group4",50706.819463768
"Cell842","Cell842","Batch1","Group2",61207.9945169527
"Cell843","Cell843","Batch1","Group1",47309.1350983533
"Cell844","Cell844","Batch1","Group4",56915.9911389136
"Cell845","Cell845","Batch1","Group4",56801.819621422
"Cell846","Cell846","Batch1","Group3",57162.921322339
"Cell847","Cell847","Batch1","Group2",53913.6527929713
"Cell848","Cell848","Batch1","Group2",72482.8224254508
"Cell849","Cell849","Batch1","Group1",62121.6222284222
"Cell850","Cell850","Batch1","Group3",73102.3921472391
"Cell851","Cell851","Batch1","Group2",56825.9173174474
"Cell852","Cell852","Batch1","Group4",55274.7454422108
"Cell853","Cell853","Batch1","Group4",67761.0884543498
"Cell854","Cell854","Batch1","Group3",79293.9058279743
"Cell855","Cell855","Batch1","Group2",69697.1724173711
"Cell856","Cell856","Batch1","Group4",46546.1386078553
"Cell857","Cell857","Batch1","Group4",104419.146511475
"Cell858","Cell858","Batch1","Group4",54951.7898282296
"Cell859","Cell859","Batch1","Group2",40322.5040298577
"Cell860","Cell860","Batch1","Group2",55875.6848212892
"Cell861","Cell861","Batch1","Group1",45232.0108903344
"Cell862","Cell862","Batch1","Group4",65041.9959532921
"Cell863","Cell863","Batch1","Group1",86325.6137968031
"Cell864","Cell864","Batch1","Group4",102513.609990094
"Cell865","Cell865","Batch1","Group4",49230.5471478993
"Cell866","Cell866","Batch1","Group3",70503.8265388665
"Cell867","Cell867","Batch1","Group5",61644.8646060938
"Cell868","Cell868","Batch1","Group4",77585.4180323901
"Cell869","Cell869","Batch1","Group4",42367.4097838472
"Cell870","Cell870","Batch1","Group2",58621.9773896661
"Cell871","Cell871","Batch1","Group4",59525.4173809171
"Cell872","Cell872","Batch1","Group4",43630.1618942973
"Cell873","Cell873","Batch1","Group4",83121.9935534414
"Cell874","Cell874","Batch1","Group2",57811.3370362328
"Cell875","Cell875","Batch1","Group4",57524.6470607302
"Cell876","Cell876","Batch1","Group2",114851.112457739
"Cell877","Cell877","Batch1","Group2",39690.3089337686
"Cell878","Cell878","Batch1","Group5",57945.1950581219
"Cell879","Cell879","Batch1","Group2",74077.4659422176
"Cell880","Cell880","Batch1","Group1",60013.886969415
"Cell881","Cell881","Batch1","Group1",68149.2627140113
"Cell882","Cell882","Batch1","Group2",68241.407016044
"Cell883","Cell883","Batch1","Group2",47389.3977094612
"Cell884","Cell884","Batch1","Group3",56509.8265932072
"Cell885","Cell885","Batch1","Group2",72460.2960723083
"Cell886","Cell886","Batch1","Group2",73658.6412068292
"Cell887","Cell887","Batch1","Group4",61996.0557992197
"Cell888","Cell888","Batch1","Group4",67806.1949019971
"Cell889","Cell889","Batch1","Group5",71617.1593470313
"Cell890","Cell890","Batch1","Group4",50091.0216228809
"Cell891","Cell891","Batch1","Group2",47339.0887877538
"Cell892","Cell892","Batch1","Group1",41557.127530055
"Cell893","Cell893","Batch1","Group2",65229.9755049954
"Cell894","Cell894","Batch1","Group4",38095.8611665514
"Cell895","Cell895","Batch1","Group3",102784.943355803
"Cell896","Cell896","Batch1","Group1",78088.7211270178
"Cell897","Cell897","Batch1","Group4",54858.3234383395
"Cell898","Cell898","Batch1","Group2",62345.5827199397
"Cell899","Cell899","Batch1","Group4",61819.8457736801
"Cell900","Cell900","Batch1","Group2",52940.495299466
"Cell901","Cell901","Batch1","Group2",56112.9103365233
"Cell902","Cell902","Batch1","Group2",49525.2670496761
"Cell903","Cell903","Batch1","Group1",53487.3285866554
"Cell904","Cell904","Batch1","Group4",60703.4805745722
"Cell905","Cell905","Batch1","Group2",60003.3843193357
"Cell906","Cell906","Batch1","Group1",52956.9300756273
"Cell907","Cell907","Batch1","Group4",57118.8235505148
"Cell908","Cell908","Batch1","Group1",58494.4050379669
"Cell909","Cell909","Batch1","Group4",49489.8561749956
"Cell910","Cell910","Batch1","Group4",62216.2632268804
"Cell911","Cell911","Batch1","Group4",80910.8691566184
"Cell912","Cell912","Batch1","Group5",65821.5093604892
"Cell913","Cell913","Batch1","Group2",50664.3878525033
"Cell914","Cell914","Batch1","Group3",80383.4306204724
"Cell915","Cell915","Batch1","Group4",57267.1656122121
"Cell916","Cell916","Batch1","Group2",70713.4472125274
"Cell917","Cell917","Batch1","Group4",52792.083150127
"Cell918","Cell918","Batch1","Group2",50841.6470455455
"Cell919","Cell919","Batch1","Group4",50564.8569992787
"Cell920","Cell920","Batch1","Group1",64286.3502303479
"Cell921","Cell921","Batch1","Group4",72351.5947219168
"Cell922","Cell922","Batch1","Group5",46046.2532955476
"Cell923","Cell923","Batch1","Group2",60157.7705408428
"Cell924","Cell924","Batch1","Group4",51892.7132796183
"Cell925","Cell925","Batch1","Group2",92694.8375268115
"Cell926","Cell926","Batch1","Group2",51141.8464117052
"Cell927","Cell927","Batch1","Group4",52234.7752994138
"Cell928","Cell928","Batch1","Group1",47632.1874403431
"Cell929","Cell929","Batch1","Group5",40957.8109619673
"Cell930","Cell930","Batch1","Group1",82625.184860069
"Cell931","Cell931","Batch1","Group4",59354.9846487815
"Cell932","Cell932","Batch1","Group4",44577.5252722357
"Cell933","Cell933","Batch1","Group4",48047.6906745686
"Cell934","Cell934","Batch1","Group4",56918.4621804476
"Cell935","Cell935","Batch1","Group4",56060.014774385
"Cell936","Cell936","Batch1","Group4",68242.2591673504
"Cell937","Cell937","Batch1","Group1",47873.9587920652
"Cell938","Cell938","Batch1","Group2",65733.6818761781
"Cell939","Cell939","Batch1","Group2",50753.163387627
"Cell940","Cell940","Batch1","Group1",76735.4195054522
"Cell941","Cell941","Batch1","Group4",62731.2710913301
"Cell942","Cell942","Batch1","Group5",60930.5621811075
"Cell943","Cell943","Batch1","Group2",65431.4874364192
"Cell944","Cell944","Batch1","Group2",82108.1162784647
"Cell945","Cell945","Batch1","Group4",74907.5876533834
"Cell946","Cell946","Batch1","Group2",47466.5675563826
"Cell947","Cell947","Batch1","Group4",67405.3880467151
"Cell948","Cell948","Batch1","Group4",59944.9909792248
"Cell949","Cell949","Batch1","Group3",68854.2026573367
"Cell950","Cell950","Batch1","Group4",55654.3580544763
"Cell951","Cell951","Batch1","Group4",65254.9303757015
"Cell952","Cell952","Batch1","Group2",53101.7131294085
"Cell953","Cell953","Batch1","Group2",53897.9366482182
"Cell954","Cell954","Batch1","Group5",79237.5065702229
"Cell955","Cell955","Batch1","Group2",74760.6241808623
"Cell956","Cell956","Batch1","Group4",52415.6323357917
"Cell957","Cell957","Batch1","Group2",63475.2626190085
"Cell958","Cell958","Batch1","Group2",53449.1701653413
"Cell959","Cell959","Batch1","Group4",53329.3367281356
"Cell960","Cell960","Batch1","Group2",73541.0100625389
"Cell961","Cell961","Batch1","Group4",71206.5079396543
"Cell962","Cell962","Batch1","Group1",47512.6895008583
"Cell963","Cell963","Batch1","Group2",60339.9877915804
"Cell964","Cell964","Batch1","Group2",49878.0829432715
"Cell965","Cell965","Batch1","Group2",52244.9276312008
"Cell966","Cell966","Batch1","Group4",54466.1412723178
"Cell967","Cell967","Batch1","Group4",86118.7858968759
"Cell968","Cell968","Batch1","Group2",58062.4648715759
"Cell969","Cell969","Batch1","Group3",61713.0612564561
"Cell970","Cell970","Batch1","Group4",60164.4801949131
"Cell971","Cell971","Batch1","Group2",63696.0938032739
"Cell972","Cell972","Batch1","Group1",41241.6885254568
"Cell973","Cell973","Batch1","Group4",56775.7985618091
"Cell974","Cell974","Batch1","Group4",58566.0334414397
"Cell975","Cell975","Batch1","Group2",79773.856196946
"Cell976","Cell976","Batch1","Group4",54844.7839589913
"Cell977","Cell977","Batch1","Group4",44620.6059168879
"Cell978","Cell978","Batch1","Group4",43520.1951073533
"Cell979","Cell979","Batch1","Group4",40832.5859500703
"Cell980","Cell980","Batch1","Group2",44157.3981254036
"Cell981","Cell981","Batch1","Group2",69473.8738054672
"Cell982","Cell982","Batch1","Group4",74473.502769506
"Cell983","Cell983","Batch1","Group4",64491.9133348765
"Cell984","Cell984","Batch1","Group3",72417.6148565489
"Cell985","Cell985","Batch1","Group2",64123.6664312864
"Cell986","Cell986","Batch1","Group2",54641.5069993925
"Cell987","Cell987","Batch1","Group3",54005.416190163
"Cell988","Cell988","Batch1","Group1",64627.9927353693
"Cell989","Cell989","Batch1","Group4",59521.5684221341
"Cell990","Cell990","Batch1","Group4",33838.9999747078
"Cell991","Cell991","Batch1","Group5",76001.3254204999
"Cell992","Cell992","Batch1","Group2",79072.4921983482
"Cell993","Cell993","Batch1","Group2",70494.1221207667
"Cell994","Cell994","Batch1","Group2",72276.4313208725
"Cell995","Cell995","Batch1","Group2",53109.7189757583
"Cell996","Cell996","Batch1","Group1",39729.6847532988
"Cell997","Cell997","Batch1","Group2",59872.8601164903
"Cell998","Cell998","Batch1","Group2",85061.8482870486
"Cell999","Cell999","Batch1","Group2",59038.0287255358
"Cell1000","Cell1000","Batch1","Group1",63578.5148643595
